{"id":"ca5aeb06-25b5-47a4-af2d-8cc2c992d6db","revision":0,"last_node_id":0,"last_link_id":0,"nodes":[],"links":[],"groups":[],"config":{},"extra":{"workflowRendererVersion":"LG","ds":{"scale":0.5636806464042814,"offset":[875.7293286210713,736.3455084476312]}},"version":0.4}